No,Tanggal,Perihal,Debit,Kredit,Status,Keterangan
1,2023-12-24,KAS CRIPS 2023,8936933,0,Close,
2,2024-01-10,KAS CRIPS 2024,6350000,0,Close,
3,2024-01-15,Anniversary Crips Ubud,0,2774500,Close,
4,2024-02-01,DP Anniversary makan ngopi Kopdar Donasi & Sponsor,0,9242933,Close,
5,2024-08-01,Uang masuk Support Djarum,5220500,0,Close,
6,2024-08-05,Uang masuk sisa member,650000,0,Close,
7,2024-08-10,Sisa dana,4770500,0,Close,
16,2026-10-02,Pinjaman KAS Member Ojik,0,800000,Open,Pinjaman Member
17,2026-10-02,Pinjaman KAS Member Bg Temek,0,5500000,Open,Pinjaman Member
18,2026-10-02,Pinjaman KAS Member Gilang,0,250000,Open,Pinjaman Member
19,2026-10-02,Pinjaman KAS Member Wahyu,0,1100000,Open,Pinjaman Member
48,2026-09-29,Lunas KAS bg kting,500000,0,Close,
